{
  "hash": "338144d7",
  "configHash": "0bd0144f",
  "lockfileHash": "3e210418",
  "browserHash": "cd70af19",
  "optimized": {
    "@angular/core": {
      "src": "../../../../../../node_modules/@angular/core/fesm2022/core.mjs",
      "file": "@angular_core.js",
      "fileHash": "389a80f6",
      "needsInterop": false
    },
    "@angular/forms": {
      "src": "../../../../../../node_modules/@angular/forms/fesm2022/forms.mjs",
      "file": "@angular_forms.js",
      "fileHash": "1f46889f",
      "needsInterop": false
    },
    "@angular/platform-browser": {
      "src": "../../../../../../node_modules/@angular/platform-browser/fesm2022/platform-browser.mjs",
      "file": "@angular_platform-browser.js",
      "fileHash": "62f14166",
      "needsInterop": false
    },
    "@angular/router": {
      "src": "../../../../../../node_modules/@angular/router/fesm2022/router.mjs",
      "file": "@angular_router.js",
      "fileHash": "2a6c95e4",
      "needsInterop": false
    },
    "zone.js": {
      "src": "../../../../../../node_modules/zone.js/fesm2015/zone.js",
      "file": "zone__js.js",
      "fileHash": "9a2f2115",
      "needsInterop": true
    }
  },
  "chunks": {
    "chunk-H5GQ4K5Y": {
      "file": "chunk-H5GQ4K5Y.js"
    },
    "chunk-KOZZNA5P": {
      "file": "chunk-KOZZNA5P.js"
    },
    "chunk-Q3ZR32YE": {
      "file": "chunk-Q3ZR32YE.js"
    },
    "chunk-WDMUDEB6": {
      "file": "chunk-WDMUDEB6.js"
    }
  }
}